"","segment_urb","frec_urb","q_urb_lb","q_urb_lbm"
"1","1",1691,0.785925487876996,0.28267297457126
"2","2",2763,0.341657618530583,0.0430691277596815
"3","3",2998,0.310873915943963,0.0503669112741828
"4","4",5514,0.757889009793254,0.283097569822271
"5","5",3030,0.267326732673267,0.0656765676567657
"6","6",4183,0.315323930193641,0.0480516375806837
"7","7",7143,0.356292874142517,0.107517849643007
