"","segment_rur","frec_rur","q_rur_lb","q_rur_lbm"
"1","1",3430,0.505247813411079,0.201166180758017
"2","2",1796,0.611358574610245,0.262806236080178
"3","3",3596,0.699110122358176,0.311457174638487
"4","4",2445,0.211860940695297,0.0331288343558282
"5","5",4989,0.379234315494087,0.151934255361796
