"","segment_urb","frec_urb","q_urb_lb","q_urb_lbm"
"1","1",2032,0.789370078740158,0.283956692913386
"2","2",3334,0.350929814037193,0.0461907618476305
"3","3",7764,0.339515713549717,0.101107676455435
"4","4",8061,0.270810073191912,0.0414340652524501
"5","5",6131,0.728266188223781,0.265372696134399
